,MCQ1,MCQ2,final,final_linear
0,85,80,84,77.9121282584751
1,90,85,73,81.63199118834905
2,60,50,67,58.532860115041
3,90,60,78,77.73222371802717
4,95,95,90,86.13180761228736
5,90,60,75,77.73222371802717
6,60,60,49,60.09276710316974
7,55,40,59,54.03304369110268
8,95,65,77,81.4520866479011
9,65,70,68,64.59258352710808
10,65,75,74,65.37253702117243
11,45,50,52,49.713131807612285
12,85,70,90,76.35222127034635
13,60,65,54,60.872720597234114
14,55,45,60,54.81299718516705
15,65,60,40,63.03267653897932
